{
    "$schema": "https://schema.management.azure.com/schemas/2015-01-01/deploymentTemplate.json#",
    "contentVersion": "1.0.0.0",
    "parameters": {
        "workflows_epsdllogicapp_name": {
            "defaultValue": "epsdllogicapp",
            "type": "String"
        },
        "connections_office365_externalid": {
            "defaultValue": "/subscriptions/e3b5b493-9c0a-4a7f-a504-8a07bd0d69f1/resourceGroups/databricks-rg-guzzle-1/providers/Microsoft.Web/connections/office365",
            "type": "String"
        }
    },
    "variables": {},
    "resources": [
        {
            "type": "Microsoft.Logic/workflows",
            "apiVersion": "2017-07-01",
            "name": "[parameters('workflows_epsdllogicapp_name')]",
            "location": "southeastasia",
            "properties": {
                "state": "Enabled",
                "definition": {
                    "$schema": "https://schema.management.azure.com/providers/Microsoft.Logic/schemas/2016-06-01/workflowdefinition.json#",
                    "contentVersion": "1.0.0.0",
                    "parameters": {
                        "$connections": {
                            "defaultValue": {},
                            "type": "Object"
                        }
                    },
                    "triggers": {
                        "manual": {
                            "type": "Request",
                            "kind": "Http",
                            "inputs": {
                                "schema": {
                                    "properties": {
                                        "business_date": {
                                            "type": "string"
                                        },
                                        "data_factory_name": {
                                            "type": "string"
                                        },
                                        "emails": {
                                            "type": "string"
                                        },
                                        "end_time": {
                                            "type": "string"
                                        },
                                        "failure_info": {
                                            "type": "string"
                                        },
                                        "pipeline_id": {
                                            "type": "string"
                                        },
                                        "pipeline_name": {
                                            "type": "string"
                                        },
                                        "start_time": {
                                            "type": "string"
                                        },
                                        "status": {
                                            "type": "string"
                                        }
                                    },
                                    "type": "object"
                                }
                            }
                        }
                    },
                    "actions": {
                        "Send_an_email_(V2)": {
                            "runAfter": {},
                            "type": "ApiConnection",
                            "inputs": {
                                "body": {
                                    "Body": "<p><span style=\"font-size: 16px\"><strong>Data factory name:</strong></span><span style=\"font-size: 16px\"> </span><span style=\"font-size: 16px\">@{triggerBody()?['data_factory_name']}</span><span style=\"font-size: 16px\"><br>\n<br>\n</span><span style=\"font-size: 16px\"><strong>Pipeline Name:</strong></span><span style=\"font-size: 16px\"> </span><span style=\"font-size: 16px\">@{triggerBody()?['pipeline_name']}</span><span style=\"font-size: 16px\"><br>\n<br>\n</span><span style=\"font-size: 16px\"><strong>Pipeline Id:</strong></span><span style=\"font-size: 16px\"> </span><span style=\"font-size: 16px\">@{triggerBody()?['pipeline_id']}</span><span style=\"font-size: 16px\"><br>\n<br>\n</span><span style=\"font-size: 16px\"><strong>Status:</strong></span><span style=\"font-size: 16px\"> </span><span style=\"font-size: 16px\">@{triggerBody()?['status']}</span><span style=\"font-size: 16px\"><br>\n<br>\n</span><span style=\"font-size: 16px\"><strong>Business Date:</strong></span><span style=\"font-size: 16px\"> </span><span style=\"font-size: 16px\">@{triggerBody()?['business_date']}</span><span style=\"font-size: 16px\"><br>\n<br>\n</span><span style=\"font-size: 16px\"><strong>Date and Time START: </strong></span><span style=\"font-size: 16px\">@{triggerBody()?['business_date']}</span><span style=\"font-size: 16px\"><strong></strong></span><span style=\"font-size: 16px\"><br>\n<br>\n</span><span style=\"font-size: 16px\"><strong>Date and Time END:</strong></span><span style=\"font-size: 16px\"> </span><span style=\"font-size: 16px\">@{triggerBody()?['end_time']}</span><span style=\"font-size: 16px\"><br>\n<br>\n</span><span style=\"font-size: 16px\"><strong>Status Info:</strong></span><span style=\"font-size: 16px\"> </span><span style=\"font-size: 16px\">@{triggerBody()?['failure_info']}</span><span style=\"font-size: 16px\"></span></p>",
                                    "Subject": "[[[@{triggerBody()?['status']}][@{triggerBody()?['end_time']}] EPSDL Pipeline run status",
                                    "To": "agnit.chatterjee@justanalytics.com"
                                },
                                "host": {
                                    "connection": {
                                        "name": "@parameters('$connections')['office365']['connectionId']"
                                    }
                                },
                                "method": "post",
                                "path": "/v2/Mail"
                            }
                        }
                    },
                    "outputs": {}
                },
                "parameters": {
                    "$connections": {
                        "value": {
                            "office365": {
                                "connectionId": "[parameters('connections_office365_externalid')]",
                                "connectionName": "office365",
                                "id": "/subscriptions/e3b5b493-9c0a-4a7f-a504-8a07bd0d69f1/providers/Microsoft.Web/locations/southeastasia/managedApis/office365"
                            }
                        }
                    }
                }
            }
        }
    ]
}