{
    "$schema": "https://schema.management.azure.com/schemas/2015-01-01/deploymentTemplate.json#",
    "contentVersion": "1.0.0.0",
    "parameters": {
        "workflows_epsdllogicapp_SharePoint_Blob_name": {
            "defaultValue": "epsdllogicapp_SharePoint_Blob",
            "type": "String"
        },
        "connections_azureblob_1_externalid": {
            "defaultValue": "/subscriptions/e3b5b493-9c0a-4a7f-a504-8a07bd0d69f1/resourceGroups/databricks-rg-guzzle-1/providers/Microsoft.Web/connections/azureblob-1",
            "type": "String"
        },
        "connections_sharepointonline_3_externalid": {
            "defaultValue": "/subscriptions/e3b5b493-9c0a-4a7f-a504-8a07bd0d69f1/resourceGroups/databricks-rg-guzzle-1/providers/Microsoft.Web/connections/sharepointonline-3",
            "type": "String"
        }
    },
    "variables": {},
    "resources": [
        {
            "type": "Microsoft.Logic/workflows",
            "apiVersion": "2017-07-01",
            "name": "[parameters('workflows_epsdllogicapp_SharePoint_Blob_name')]",
            "location": "southindia",
            "properties": {
                "state": "Enabled",
                "definition": {
                    "$schema": "https://schema.management.azure.com/providers/Microsoft.Logic/schemas/2016-06-01/workflowdefinition.json#",
                    "contentVersion": "1.0.0.0",
                    "parameters": {
                        "$connections": {
                            "defaultValue": {},
                            "type": "Object"
                        }
                    },
                    "triggers": {
                        "When_a_file_is_created_or_modified_in_a_folder": {
                            "recurrence": {
                                "frequency": "Minute",
                                "interval": 10
                            },
                            "metadata": {
                                "%252fShared%2bDocuments%252fBI": "/Shared Documents/BI"
                            },
                            "type": "ApiConnection",
                            "inputs": {
                                "host": {
                                    "connection": {
                                        "name": "@parameters('$connections')['sharepointonline_2']['connectionId']"
                                    }
                                },
                                "method": "get",
                                "path": "/datasets/@{encodeURIComponent(encodeURIComponent('https://easternpacific.sharepoint.com/sites/sftp_shared'))}/triggers/onupdatedfile",
                                "queries": {
                                    "folderId": "%252fShared%2bDocuments%252fBI",
                                    "includeFileContent": true,
                                    "inferContentType": true,
                                    "queryParametersSingleEncoded": true
                                }
                            }
                        }
                    },
                    "actions": {
                        "Create_blob": {
                            "runAfter": {},
                            "type": "ApiConnection",
                            "inputs": {
                                "body": "@triggerBody()",
                                "host": {
                                    "connection": {
                                        "name": "@parameters('$connections')['azureblob']['connectionId']"
                                    }
                                },
                                "method": "post",
                                "path": "/datasets/default/files",
                                "queries": {
                                    "folderPath": "/epsdlcontainer/epsdl/data/landing",
                                    "name": "@base64ToString(triggerOutputs()['headers']['x-ms-file-name-encoded'])",
                                    "queryParametersSingleEncoded": true
                                }
                            },
                            "runtimeConfiguration": {
                                "contentTransfer": {
                                    "transferMode": "Chunked"
                                }
                            }
                        }
                    },
                    "outputs": {}
                },
                "parameters": {
                    "$connections": {
                        "value": {
                            "azureblob": {
                                "connectionId": "[parameters('connections_azureblob_1_externalid')]",
                                "connectionName": "azureblob-1",
                                "id": "/subscriptions/e3b5b493-9c0a-4a7f-a504-8a07bd0d69f1/providers/Microsoft.Web/locations/southindia/managedApis/azureblob"
                            },
                            "sharepointonline_2": {
                                "connectionId": "[parameters('connections_sharepointonline_3_externalid')]",
                                "connectionName": "sharepointonline-3",
                                "id": "/subscriptions/e3b5b493-9c0a-4a7f-a504-8a07bd0d69f1/providers/Microsoft.Web/locations/southindia/managedApis/sharepointonline"
                            }
                        }
                    }
                }
            }
        }
    ]
}